                  epoch,         train/box_loss,         train/cls_loss,         train/dfl_loss,   metrics/precision(B),      metrics/recall(B),       metrics/mAP50(B),    metrics/mAP50-95(B),           val/box_loss,           val/cls_loss,           val/dfl_loss,                 lr/pg0,                 lr/pg1,                 lr/pg2
                      1,                 2.8629,                 12.726,                 2.2825,                0.06704,                0.22468,                0.11416,                0.06815,                 2.5653,                 7.9016,                 2.2386,             0.00036851,             0.00036851,             0.00036851
                      2,                 2.9602,                 7.8782,                 2.2487,                0.62367,                0.14689,                0.17756,                0.08955,                 2.6305,                 7.1075,                 2.2347,             0.00072421,             0.00072421,             0.00072421
                      3,                  3.084,                 9.8271,                 2.2546,                0.66043,                0.14205,                0.18459,                0.08979,                  2.678,                 7.0355,                 2.2822,              0.0010653,              0.0010653,              0.0010653
                      4,                 2.7959,                 7.6925,                 2.1669,                0.66826,                 0.1809,                0.22684,                0.11357,                 2.6704,                 6.3366,                 2.2824,               0.001045,               0.001045,               0.001045
                      5,                 3.1395,                 7.7447,                 2.2286,                0.12806,                0.36079,                0.24252,                0.11486,                 2.7905,                 5.8387,                 2.3079,               0.001023,               0.001023,               0.001023
                      6,                 2.9996,                 7.1279,                 2.1938,                0.81727,                0.18467,                0.29879,                0.15676,                 2.6921,                 6.0089,                 2.2727,               0.001001,               0.001001,               0.001001
                      7,                 2.9901,                  6.894,                 2.1989,                 0.6638,                0.21858,                0.29539,                0.14763,                 2.8491,                 5.3769,                 2.2994,             0.00097901,             0.00097901,             0.00097901
                      8,                  3.115,                 6.4656,                 2.1862,                0.17996,                0.37492,                0.30302,                0.15522,                 2.8145,                 5.7111,                 2.2911,             0.00095702,             0.00095702,             0.00095702
                      9,                 3.1848,                 6.2419,                 2.2119,                0.84479,                0.18307,                0.28677,                  0.145,                 2.8957,                 5.9639,                 2.2775,             0.00093502,             0.00093502,             0.00093502
                     10,                 3.3551,                  6.512,                 2.2054,                0.61805,                0.20875,                0.27402,                0.13796,                 3.0599,                 6.1576,                 2.3237,             0.00091302,             0.00091302,             0.00091302
                     11,                   3.14,                 5.5004,                   2.23,                0.62875,                 0.1971,                0.29594,                0.14252,                 3.0772,                 5.2438,                 2.3203,             0.00089102,             0.00089102,             0.00089102
                     12,                 3.3295,                 5.2901,                 2.1799,                0.60773,                 0.2102,                0.28553,                0.14775,                 3.0238,                 5.2528,                 2.2914,             0.00086902,             0.00086902,             0.00086902
                     13,                 3.4732,                 5.8195,                 2.1942,                0.72155,                0.22906,                0.34209,                0.18445,                 2.9775,                 5.3075,                 2.2645,             0.00084703,             0.00084703,             0.00084703
                     14,                 3.4225,                 5.5924,                 2.1216,                0.18852,                  0.353,                0.26316,                0.13186,                 3.2041,                 6.1999,                 2.2978,             0.00082503,             0.00082503,             0.00082503
                     15,                 3.4005,                 5.5521,                 2.1889,                0.66498,                0.22392,                0.30247,                0.15061,                   3.21,                  5.152,                 2.2932,             0.00080303,             0.00080303,             0.00080303
                     16,                 3.4373,                 5.8082,                 2.1913,                0.80713,                0.16821,                0.26863,                0.14229,                 3.1605,                 6.3177,                 2.2853,             0.00078103,             0.00078103,             0.00078103
                     17,                  3.609,                 5.6017,                 2.1669,                0.83026,                0.22441,                 0.3256,                0.16942,                 3.1279,                 5.6293,                 2.2488,             0.00075904,             0.00075904,             0.00075904
                     18,                 3.3478,                 4.8311,                 2.1886,                0.20922,                 0.4032,                0.34124,                0.18385,                 3.1249,                 5.4679,                  2.239,             0.00073704,             0.00073704,             0.00073704
                     19,                 3.4459,                 4.5668,                 2.2172,                0.41798,                0.28239,                0.32053,                0.17186,                 3.2379,                 5.2344,                 2.2609,             0.00071504,             0.00071504,             0.00071504
                     20,                 3.4197,                 4.6244,                  2.167,                0.72795,                 0.2757,                0.35731,                0.19132,                 3.2066,                 5.0414,                 2.2397,             0.00069304,             0.00069304,             0.00069304
                     21,                 3.7201,                 5.5876,                 2.1701,                0.18217,                0.39207,                0.30496,                0.15672,                  3.351,                 5.5593,                 2.2508,             0.00067104,             0.00067104,             0.00067104
                     22,                 3.5902,                 4.8644,                 2.1146,                0.64227,                0.21811,                0.27002,                0.14068,                 3.2892,                 5.3957,                 2.2348,             0.00064905,             0.00064905,             0.00064905
                     23,                 3.4866,                 5.2209,                 2.1272,                0.32922,                0.32436,                0.35421,                0.19119,                  3.354,                 6.0755,                 2.2527,             0.00062705,             0.00062705,             0.00062705
                     24,                 3.4731,                 5.5498,                 2.1399,                0.66078,                0.26457,                0.31035,                0.16089,                 3.4801,                 5.3663,                 2.2564,             0.00060505,             0.00060505,             0.00060505
                     25,                 3.6161,                 5.1442,                 2.1372,                0.20451,                0.43561,                0.30814,                 0.1627,                  3.419,                 5.7405,                  2.236,             0.00058305,             0.00058305,             0.00058305
                     26,                 3.7678,                 4.9721,                 2.1777,                0.60203,                0.26455,                0.31184,                0.16363,                 3.4649,                 5.3696,                 2.2374,             0.00056105,             0.00056105,             0.00056105
                     27,                 3.5849,                 5.3353,                 2.1172,                0.66493,                0.25133,                0.33204,                 0.1805,                 3.4323,                 5.3289,                  2.238,             0.00053906,             0.00053906,             0.00053906
                     28,                 3.6656,                 5.1531,                 2.0741,                0.20464,                0.42998,                0.33009,                0.17586,                 3.4666,                 5.5183,                 2.2231,             0.00051706,             0.00051706,             0.00051706
                     29,                 3.4949,                 4.3862,                 2.1051,                0.68224,                0.27555,                0.32196,                0.16643,                 3.4921,                 5.2216,                 2.2238,             0.00049506,             0.00049506,             0.00049506
                     30,                 3.7195,                 4.4282,                 2.1241,                0.19608,                0.45944,                0.33412,                0.17643,                 3.5481,                  5.287,                 2.2251,             0.00047306,             0.00047306,             0.00047306
                     31,                 3.6188,                 4.7083,                 2.0931,                0.22102,                0.43052,                0.33637,                0.18081,                 3.5896,                 5.6419,                 2.2296,             0.00045107,             0.00045107,             0.00045107
                     32,                  3.652,                 4.4185,                 2.0653,                0.55177,                0.30907,                0.32887,                0.17758,                 3.5694,                 5.4928,                 2.2286,             0.00042907,             0.00042907,             0.00042907
                     33,                 3.8662,                 4.6271,                 2.0841,                0.18901,                0.35246,                 0.2726,                0.14049,                 3.7712,                 6.0006,                 2.2595,             0.00040707,             0.00040707,             0.00040707
                     34,                 3.7145,                 4.8608,                 2.0733,                 0.4756,                0.25715,                0.34682,                0.18382,                 3.6996,                 5.3395,                 2.2345,             0.00038507,             0.00038507,             0.00038507
                     35,                 3.8977,                 4.5848,                 2.0868,                0.41057,                 0.2576,                0.28956,                0.15365,                 3.6481,                 5.4722,                 2.2157,             0.00036307,             0.00036307,             0.00036307
                     36,                 3.9004,                 4.5512,                  2.094,                0.35284,                0.28906,                0.31093,                0.16869,                 3.6599,                 5.6167,                 2.2251,             0.00034108,             0.00034108,             0.00034108
