                  epoch,         train/box_loss,         train/cls_loss,         train/dfl_loss,   metrics/precision(B),      metrics/recall(B),       metrics/mAP50(B),    metrics/mAP50-95(B),           val/box_loss,           val/cls_loss,           val/dfl_loss,      train/replay_loss,                 lr/pg0,                 lr/pg1,                 lr/pg2
                      1,                 1.4035,                 6.5203,                  2.105,                0.18144,                0.34591,                0.28803,                0.17663,                 1.8927,                 4.5464,                  2.166,                0.31095,             0.00036862,             0.00036862,             0.00036862
                      2,                 1.4323,                 3.2416,                 2.0874,                0.74133,                0.40828,                0.43803,                0.24558,                 1.9628,                 3.1825,                 2.1649,               0.039297,             0.00072432,             0.00072432,             0.00072432
                      3,                 1.4523,                 2.8145,                 2.1174,                0.76175,                0.41498,                0.46078,                0.25145,                 2.0863,                 3.3047,                  2.164,                0.33176,              0.0010654,              0.0010654,              0.0010654
                      4,                 1.4499,                 2.6888,                 2.0765,                0.56886,                0.42588,                0.46862,                0.25983,                 2.0859,                 2.9433,                 2.1711,               0.093061,               0.001045,               0.001045,               0.001045
                      5,                 1.4627,                 2.4507,                 2.0509,                0.58965,                0.44615,                0.47999,                0.26936,                 2.0141,                 2.6963,                  2.147,                0.14335,               0.001023,               0.001023,               0.001023
                      6,                 1.4412,                 2.4278,                 2.0775,                0.57405,                0.42941,                0.46754,                 0.2729,                  2.043,                 2.7578,                 2.1877,               0.079271,               0.001001,               0.001001,               0.001001
                      7,                 1.5151,                 2.3087,                 2.0545,                0.59709,                0.44639,                   0.49,                0.27812,                 2.1172,                 2.6488,                 2.2136,                0.15381,             0.00097901,             0.00097901,             0.00097901
                      8,                 1.4303,                 2.1926,                  2.024,                0.61337,                0.45229,                0.50858,                0.29228,                 2.1411,                 2.6396,                 2.1904,                0.12918,             0.00095702,             0.00095702,             0.00095702
                      9,                 1.5933,                 2.2596,                 2.0507,                0.61478,                0.45264,                0.50816,                0.29351,                 2.3148,                 2.5355,                  2.204,                0.20289,             0.00093502,             0.00093502,             0.00093502
                     10,                 1.5558,                 2.3543,                 2.0507,                 0.6277,                0.45226,                0.50788,                0.29624,                 2.2972,                 2.7042,                 2.1894,                0.10094,             0.00091302,             0.00091302,             0.00091302
                     11,                 1.6013,                  2.111,                 2.0518,                0.60598,                 0.4457,                0.50479,                0.28734,                  2.382,                 2.5814,                 2.2024,                0.10111,             0.00089102,             0.00089102,             0.00089102
                     12,                 1.6399,                 2.0627,                 2.0308,                0.63295,                0.45525,                0.51708,                0.30191,                 2.3354,                 2.5735,                 2.1955,               0.067243,             0.00086902,             0.00086902,             0.00086902
                     13,                 1.5409,                 2.0521,                 2.0361,                0.62713,                0.46166,                0.51237,                0.29537,                 2.3816,                 2.5281,                 2.1823,                0.13337,             0.00084703,             0.00084703,             0.00084703
                     14,                  1.664,                 2.0744,                 2.0395,                  0.619,                0.45821,                0.51002,                 0.2892,                 2.5516,                 2.4976,                 2.2191,               0.097629,             0.00082503,             0.00082503,             0.00082503
                     15,                 1.6582,                 1.9975,                 2.0039,                0.64443,                 0.4545,                 0.5242,                0.30863,                 2.5139,                 2.6319,                 2.1875,                0.10144,             0.00080303,             0.00080303,             0.00080303
                     16,                 1.6698,                 1.9778,                 2.0232,                0.62299,                0.46504,                0.52038,                0.29835,                 2.5791,                 2.4459,                 2.1844,               0.048067,             0.00078103,             0.00078103,             0.00078103
                     17,                 1.6694,                 2.0084,                 2.0202,                0.61813,                 0.4442,                0.50849,                0.29045,                 2.6341,                 2.7713,                 2.2003,               0.060384,             0.00075904,             0.00075904,             0.00075904
                     18,                 1.7112,                 1.9762,                 2.0142,                0.64428,                0.45902,                 0.5261,                0.30798,                 2.6098,                 2.4747,                 2.1845,               0.034541,             0.00073704,             0.00073704,             0.00073704
                     19,                 1.7013,                  1.913,                 2.0136,                0.63366,                0.46276,                0.51898,                0.30335,                 2.7156,                 2.4417,                 2.1885,               0.011565,             0.00071504,             0.00071504,             0.00071504
                     20,                 1.7683,                 1.9136,                 1.9886,                0.62719,                  0.471,                0.52923,                0.30495,                 2.7944,                 2.4731,                 2.1944,               0.040584,             0.00069304,             0.00069304,             0.00069304
                     21,                 1.8385,                 1.9261,                 2.0095,                 0.6464,                 0.4584,                0.52412,                0.30458,                 2.7542,                 2.5341,                 2.1814,                0.03312,             0.00067104,             0.00067104,             0.00067104
                     22,                 1.7839,                 1.8557,                 2.0093,                0.63056,                0.46107,                0.52424,                0.30523,                 2.8556,                 2.5104,                 2.1874,               0.031196,             0.00064905,             0.00064905,             0.00064905
                     23,                 1.8265,                 1.8512,                 1.9958,                0.63432,                0.47213,                0.52997,                0.30489,                  2.911,                 2.5282,                 2.1922,                 0.0571,             0.00062705,             0.00062705,             0.00062705
                     24,                 1.8709,                 1.8563,                 1.9999,                0.63749,                0.46623,                0.53263,                0.31644,                 2.8052,                 2.5934,                  2.151,               0.070343,             0.00060505,             0.00060505,             0.00060505
                     25,                 1.9176,                 1.8585,                  1.983,                0.63425,                0.46178,                 0.5283,                0.30888,                 2.9466,                 2.5599,                 2.1787,               0.029218,             0.00058305,             0.00058305,             0.00058305
                     26,                 1.8231,                 1.8376,                 2.0082,                0.63698,                0.46809,                0.52727,                0.30447,                 3.0663,                  2.444,                 2.1938,                0.02631,             0.00056105,             0.00056105,             0.00056105
                     27,                 1.9072,                 1.8203,                 1.9801,                 0.6394,                0.46283,                 0.5267,                0.30332,                 3.1233,                 2.4673,                 2.1944,               0.030346,             0.00053906,             0.00053906,             0.00053906
                     28,                 1.9067,                 1.8349,                  1.987,                0.63636,                0.46296,                0.52248,                0.30588,                 3.1481,                 2.4543,                 2.1869,               0.032057,             0.00051706,             0.00051706,             0.00051706
                     29,                 1.9622,                 1.8013,                 1.9865,                0.64557,                0.46768,                0.53107,                0.31049,                 3.0901,                 2.3985,                 2.1764,               0.023962,             0.00049506,             0.00049506,             0.00049506
                     30,                 2.0266,                 1.7776,                 1.9739,                0.63207,                0.46144,                0.52471,                0.30908,                 3.1435,                 2.4596,                 2.1771,               0.023075,             0.00047306,             0.00047306,             0.00047306
                     31,                   1.95,                 1.7335,                 1.9625,                 0.6411,                0.46967,                0.53099,                 0.3135,                 3.1621,                 2.4052,                 2.1627,               0.026503,             0.00045107,             0.00045107,             0.00045107
                     32,                 2.0141,                 1.7532,                 1.9734,                0.63799,                0.47174,                0.52916,                0.30678,                 3.2699,                 2.4838,                 2.1915,                0.20179,             0.00042907,             0.00042907,             0.00042907
                     33,                 2.1289,                 1.8436,                 1.9792,                0.63147,                0.46567,                0.52706,                0.30254,                 3.3761,                 2.4623,                 2.1965,              0.0085449,             0.00040707,             0.00040707,             0.00040707
                     34,                 2.1228,                 1.7891,                 1.9496,                0.64223,                0.46142,                 0.5299,                0.31056,                 3.3853,                 2.5388,                  2.186,               0.027525,             0.00038507,             0.00038507,             0.00038507
                     35,                 2.1187,                 1.7577,                  1.969,                0.64518,                0.46711,                0.53343,                0.31554,                 3.2192,                 2.4688,                 2.1659,               0.039338,             0.00036307,             0.00036307,             0.00036307
                     36,                 1.9374,                 1.7831,                 1.9679,                0.64779,                0.46961,                0.53857,                 0.3152,                 3.3476,                 2.5017,                 2.1714,                0.03692,             0.00034108,             0.00034108,             0.00034108
                     37,                 2.0375,                 1.7639,                 1.9541,                0.64086,                0.46904,                0.53268,                0.31543,                 3.3028,                 2.4613,                 2.1636,              0.0058295,             0.00031908,             0.00031908,             0.00031908
                     38,                 2.1987,                 1.7286,                 1.9314,                0.64167,                0.47294,                0.53574,                0.31366,                 3.4126,                 2.4614,                 2.1749,               0.068849,             0.00029708,             0.00029708,             0.00029708
                     39,                  2.073,                 1.6889,                 1.9602,                0.63975,                0.47126,                0.53585,                0.32026,                 3.3129,                 2.4359,                  2.151,               0.039062,             0.00027508,             0.00027508,             0.00027508
                     40,                 2.1813,                 1.7026,                 1.9383,                0.64192,                0.46535,                0.52891,                 0.3091,                 3.4516,                 2.4311,                 2.1794,               0.030746,             0.00025309,             0.00025309,             0.00025309
                     41,                 2.0951,                 1.8741,                 2.0137,                0.64192,                0.46107,                0.53042,                0.31327,                 3.4094,                 2.5241,                 2.1759,               0.012207,             0.00023109,             0.00023109,             0.00023109
                     42,                 2.0417,                 1.7748,                 2.0343,                0.63189,                0.47174,                0.53565,                0.32107,                 3.3743,                 2.4629,                 2.1431,                0.02164,             0.00020909,             0.00020909,             0.00020909
                     43,                 2.0916,                 1.8261,                  2.021,                0.64448,                0.46232,                0.53404,                0.31978,                 3.4508,                 2.5079,                  2.164,               0.056966,             0.00018709,             0.00018709,             0.00018709
                     44,                 2.0492,                 1.7821,                  1.993,                0.64447,                0.46852,                0.53831,                0.32084,                  3.473,                 2.4937,                 2.1496,               0.015788,             0.00016509,             0.00016509,             0.00016509
                     45,                 2.0952,                 1.7683,                 1.9893,                0.63532,                0.47355,                0.53552,                0.32176,                 3.4453,                 2.4314,                 2.1458,               0.016339,              0.0001431,              0.0001431,              0.0001431
                     46,                 2.0407,                 1.7673,                 1.9804,                0.64408,                0.46699,                0.53559,                0.32274,                 3.4919,                 2.4634,                  2.147,               0.010463,              0.0001211,              0.0001211,              0.0001211
                     47,                 2.0942,                 1.8211,                 1.9895,                0.63677,                 0.4685,                0.53416,                0.31986,                 3.5244,                 2.5038,                 2.1553,               0.033203,             9.9101e-05,             9.9101e-05,             9.9101e-05
                     48,                 2.2158,                 1.8481,                 1.9834,                0.63229,                0.46976,                0.53564,                0.31931,                 3.5612,                  2.538,                 2.1559,              0.0080872,             7.7103e-05,             7.7103e-05,             7.7103e-05
                     49,                 2.1128,                 1.7402,                 1.9925,                0.63911,                0.46636,                0.53684,                0.32325,                 3.5539,                 2.5185,                 2.1554,               0.018538,             5.5106e-05,             5.5106e-05,             5.5106e-05
                     50,                  2.181,                 1.7274,                 1.9857,                 0.6449,                0.46599,                0.53773,                 0.3235,                 3.5711,                 2.5194,                 2.1529,               0.031967,             3.3108e-05,             3.3108e-05,             3.3108e-05
